PID,Restaurants,Supermarkets,Liquor Store,Schools,Churches,Convenience_Store,Drugstore,Fire_Station,Hospital,Bar
1,20,7,8,20,20,20,8,2,2,20
2,16,0,2,9,11,5,2,0,0,0
3,1,0,1,1,10,2,0,0,0,0
4,3,0,2,1,10,5,0,0,0,0
5,1,0,0,1,5,1,0,0,1,0
6,10,0,0,3,9,6,1,1,1,1
7,12,0,1,3,12,9,1,1,1,1
8,13,0,1,2,13,9,1,1,1,1
9,20,1,6,18,20,20,8,4,5,13
10,20,1,6,18,20,20,9,4,5,13
11,9,0,0,3,5,5,1,0,0,0
12,2,0,0,3,11,1,0,0,0,0
13,20,1,6,19,20,20,9,4,5,14
14,12,0,1,3,13,9,1,1,1,1
15,10,0,0,5,12,5,1,1,1,1
16,10,0,0,5,12,5,1,1,1,1
17,10,0,0,5,10,5,1,1,1,1
18,10,0,0,5,10,5,1,1,1,1
19,20,1,5,20,20,20,9,4,6,14
20,20,1,6,20,20,20,9,4,6,14
21,14,1,0,4,10,10,2,1,1,2
22,20,1,6,20,20,20,9,4,6,14
23,20,1,6,20,20,20,9,4,6,14
24,20,1,6,20,20,20,9,4,6,14
25,20,1,6,20,20,20,9,4,6,14
26,20,1,6,20,20,20,9,4,6,14
27,20,1,6,20,20,20,9,4,6,14
28,20,1,6,20,20,20,9,4,6,14
29,20,1,6,20,20,20,9,4,6,14
30,20,1,7,20,20,20,10,6,7,18
31,20,2,7,20,20,20,10,6,7,19
32,20,1,6,20,20,20,9,4,6,16
33,20,2,8,20,20,20,10,6,7,19
34,20,1,5,20,20,20,9,4,6,15
35,20,5,9,20,20,20,9,5,7,20
36,20,2,8,20,20,20,9,6,7,20
37,20,2,8,20,20,20,9,6,7,20
38,14,1,0,3,11,10,2,1,1,2
39,20,2,7,20,20,20,10,4,6,17
40,5,0,1,9,20,8,2,1,0,0
41,5,0,1,9,20,8,2,1,0,0
42,5,0,1,9,20,7,1,1,0,0
43,5,0,1,9,20,7,1,1,0,0
44,20,2,7,20,20,20,12,4,7,17
45,7,0,2,9,20,11,3,1,1,0
46,20,8,9,20,20,20,10,5,10,20
47,20,5,10,20,20,20,13,5,7,18
48,20,5,10,20,20,20,12,5,6,19
49,20,5,11,20,20,20,12,5,6,19
50,20,5,11,20,20,20,12,5,6,20
51,20,5,11,20,20,20,13,5,6,20
52,20,5,11,20,20,20,13,7,8,20
53,5,1,0,1,10,5,1,1,1,2
54,20,4,8,20,20,20,14,5,6,19
55,12,0,2,11,20,10,2,1,1,0
56,12,0,2,11,20,11,3,1,1,0
57,12,0,2,11,20,11,3,1,1,0
58,12,0,2,11,20,10,2,1,1,0
59,12,0,2,12,20,10,3,1,1,0
60,20,5,4,20,20,20,10,2,11,6
61,20,7,7,20,20,20,16,5,12,20
62,20,7,9,20,20,20,15,5,8,20
63,12,0,2,13,20,10,3,1,1,0
64,20,7,8,20,20,20,14,5,7,20
65,20,7,6,20,20,20,14,3,6,20
66,20,7,7,20,20,20,13,3,6,20
67,20,7,7,20,20,20,13,3,6,20
68,20,7,6,20,20,20,14,3,12,20
69,20,7,6,20,20,20,14,2,13,20
70,20,7,10,20,20,20,10,4,5,20
71,20,7,6,20,20,20,12,2,5,20
72,20,7,7,20,20,20,12,1,4,20
73,20,7,7,20,20,20,12,1,4,20
74,20,7,6,20,20,20,14,2,13,19
75,20,7,6,20,20,20,14,2,13,19
76,20,7,6,20,20,20,13,2,13,19
77,20,7,9,20,20,20,11,4,5,20
78,20,8,9,20,20,20,11,3,5,20
79,20,7,6,20,20,20,13,3,13,19
80,20,8,7,20,20,20,13,3,11,8
81,20,7,6,20,20,20,15,2,12,20
82,20,7,6,20,20,20,14,3,12,20
83,20,7,6,20,20,20,12,1,5,20
84,20,7,5,20,20,20,12,2,5,20
85,20,5,9,20,20,20,8,3,5,18
86,20,5,8,20,20,20,8,3,5,18
87,20,5,8,20,20,20,8,3,5,18
88,20,5,8,20,20,20,8,3,5,17
89,20,5,8,20,20,20,8,3,5,17
90,20,7,6,20,20,20,13,3,13,20
91,20,7,6,20,20,20,13,3,13,20
92,20,2,6,20,20,20,7,2,11,3
93,20,8,9,20,20,20,13,4,11,9
94,20,7,7,20,20,20,14,3,12,20
95,6,1,0,4,15,6,1,0,0,1
96,20,7,5,20,20,20,11,2,5,20
97,20,9,9,20,20,20,15,4,11,11
98,20,2,4,20,20,15,3,1,3,10
99,20,2,3,20,20,16,3,1,3,9
100,20,7,7,20,20,20,13,3,13,20
101,20,7,7,20,20,20,13,4,12,20
102,20,7,7,20,20,20,10,2,5,20
103,20,1,4,20,20,15,3,1,3,8
104,20,5,6,20,20,20,9,3,11,5
105,20,5,6,20,20,20,9,3,11,6
106,20,5,6,20,20,20,9,3,11,6
107,20,5,6,20,20,20,9,3,11,6
108,20,5,6,20,20,20,9,3,11,6
109,20,5,6,20,20,20,9,3,11,6
110,20,7,6,20,20,20,11,4,11,20
111,20,1,4,20,20,15,3,1,2,8
112,20,1,3,20,20,16,3,1,2,7
113,20,8,8,20,20,20,11,3,11,7
114,20,4,6,20,20,20,7,1,11,3
115,20,5,6,20,20,20,8,2,11,3
116,20,1,3,20,20,16,3,1,1,6
117,20,4,6,20,20,20,9,2,11,5
118,20,7,7,20,20,20,13,4,13,20
119,20,1,3,20,20,15,3,1,1,6
120,20,1,3,20,20,16,3,1,1,6
121,20,7,7,20,20,20,15,5,12,20
122,20,8,9,20,20,20,14,4,11,11
123,20,6,6,20,20,20,9,2,11,6
124,20,7,8,20,20,20,9,2,2,20
125,20,7,7,20,20,20,9,3,4,20
126,20,7,7,20,20,20,12,3,12,20
127,20,9,9,20,20,20,15,5,12,20
128,20,7,8,20,20,20,8,2,2,20
129,20,3,7,20,20,20,8,2,11,7
130,20,3,7,20,20,20,8,2,11,7
131,20,3,5,20,20,16,4,2,1,11
132,20,7,7,20,20,20,9,3,4,20
133,20,4,7,20,20,20,8,2,11,7
134,20,4,7,20,20,20,8,2,11,7
135,20,7,8,20,20,20,8,2,1,20
136,20,4,7,20,20,20,8,2,11,7
137,20,4,7,20,20,20,8,2,11,7
138,20,4,7,20,20,20,8,2,11,7
139,20,4,7,20,20,20,8,2,11,7
140,16,4,2,10,20,13,1,0,1,2
141,20,4,7,20,20,20,8,2,11,7
142,20,4,7,20,20,20,8,2,11,7
143,20,4,7,20,20,20,8,2,11,7
144,20,4,7,20,20,20,8,2,11,7
145,20,4,7,20,20,20,8,2,11,7
146,20,1,4,20,20,15,3,2,1,10
147,20,0,2,18,20,11,4,1,1,4
148,20,1,5,20,20,15,3,2,1,10
149,20,1,5,20,20,15,3,2,1,15
150,20,9,12,20,20,20,13,4,12,20
151,20,7,8,20,20,20,8,2,1,20
152,20,7,8,20,20,20,8,2,1,20
153,20,9,13,20,20,20,14,4,13,20
154,20,8,7,20,20,20,11,3,12,11
155,15,3,2,17,20,14,3,3,1,1
156,20,1,3,20,20,15,4,1,2,6
157,20,1,3,20,20,15,4,1,2,6
158,20,1,3,20,20,15,4,1,2,6
159,20,2,5,20,20,18,5,3,2,8
160,20,2,4,20,20,18,5,2,3,9
161,15,3,2,18,20,14,2,3,1,1
162,20,5,8,20,20,20,7,2,1,20
163,20,8,8,20,20,20,11,3,12,13
164,20,7,9,20,20,20,8,2,1,20
165,20,1,4,20,20,17,4,1,3,7
166,20,6,8,20,20,20,8,3,9,8
167,20,5,7,20,20,20,6,3,6,8
168,20,6,7,20,20,20,6,3,8,8
169,20,5,7,20,20,20,5,3,2,7
170,20,7,8,20,20,20,10,3,12,15
171,20,3,5,20,20,19,5,4,3,7
172,20,2,5,20,20,19,5,4,3,8
173,20,8,9,20,20,20,12,3,13,18
174,20,6,7,20,20,20,7,3,9,8
175,20,10,12,20,20,20,16,4,13,20
176,20,3,6,20,20,20,7,4,3,8
177,20,3,5,20,20,18,5,4,3,6
178,20,6,8,20,20,20,10,3,12,13
179,20,3,7,20,20,20,7,4,3,8
180,20,1,4,20,20,17,4,1,3,7
181,20,0,5,20,20,14,2,1,1,20
182,20,2,5,20,20,20,6,1,4,9
183,20,7,7,20,20,20,8,3,12,10
184,20,10,13,20,20,20,17,3,12,20
185,20,3,7,20,20,20,7,2,4,9
186,20,7,8,20,20,20,8,3,3,20
187,20,3,6,20,20,20,7,2,5,10
188,20,6,7,20,20,20,9,3,15,10
189,20,10,13,20,20,20,16,4,13,20
190,20,6,8,20,20,20,11,3,16,18
191,20,0,6,20,20,14,3,1,2,20
192,20,0,6,20,20,14,3,1,2,20
193,20,11,13,20,20,20,17,4,13,20
194,20,11,14,20,20,20,17,4,14,20
195,20,3,6,20,20,19,6,4,3,7
196,20,8,12,20,20,20,14,4,12,20
197,20,8,10,20,20,20,14,4,17,20
198,20,8,10,20,20,20,14,4,17,20
199,20,8,10,20,20,20,14,4,17,20
200,20,13,14,20,20,20,19,4,13,20
201,20,5,4,20,20,17,4,3,2,2
202,20,7,10,20,20,20,14,4,17,20
203,20,10,10,20,20,20,17,4,16,20
204,20,13,14,20,20,20,19,4,12,20
205,20,4,7,20,20,20,7,2,5,12
206,20,5,8,20,20,20,7,2,4,12
207,20,5,8,20,20,20,7,2,4,12
208,20,4,7,20,20,20,7,2,5,12
209,20,11,13,20,20,20,14,4,13,20
210,20,4,3,20,20,11,2,3,2,2
211,20,4,7,20,20,20,7,2,5,11
212,20,13,14,20,20,20,16,4,12,20
213,20,4,3,20,20,11,2,3,2,2
214,20,4,3,20,20,11,2,3,2,2
215,20,4,7,20,20,20,7,2,5,12
216,20,13,12,20,20,20,18,5,12,20
217,20,11,13,20,20,20,13,4,13,20
218,18,3,2,13,20,6,2,1,0,0
219,20,7,6,20,20,20,5,4,5,15
220,20,13,14,20,20,20,16,4,12,20
221,20,3,3,15,20,8,2,2,1,2
222,20,8,9,20,20,20,16,4,17,20
223,20,5,8,20,20,20,6,2,5,13
224,20,4,7,20,20,20,7,2,5,12
225,20,10,12,20,20,20,17,4,14,20
226,20,5,3,20,20,11,2,3,4,2
227,20,4,7,20,20,20,7,2,5,12
228,20,5,8,20,20,20,7,2,6,12
229,20,4,6,20,20,20,7,2,5,12
230,20,4,7,20,20,20,7,2,7,13
231,14,3,2,12,20,5,1,1,1,0
232,20,12,12,20,20,20,16,4,12,20
233,20,11,12,20,20,20,17,5,12,20
234,20,4,7,20,20,20,7,2,6,12
235,20,5,8,20,20,20,7,2,6,13
236,20,5,8,20,20,20,6,2,7,13
237,20,4,7,20,20,20,7,2,11,13
238,20,3,3,16,20,8,2,2,1,2
239,20,4,6,20,20,20,7,2,7,12
240,20,4,6,20,20,20,6,2,6,12
241,20,5,8,20,20,20,6,2,9,13
242,20,11,12,20,20,20,13,4,13,20
243,20,11,12,20,20,20,13,4,13,20
244,20,5,5,20,20,19,4,4,6,5
245,20,5,5,20,20,19,4,4,6,5
246,20,4,6,20,20,20,7,2,11,12
247,20,3,3,17,20,7,2,2,2,2
248,20,11,17,20,20,20,17,5,13,20
249,20,10,11,20,20,20,12,6,13,20
250,20,8,9,20,20,20,7,4,5,20
251,20,3,3,17,20,7,2,2,2,2
252,20,8,15,20,20,20,15,4,17,20
253,20,11,14,20,20,20,17,6,12,20
254,20,10,10,20,20,20,14,5,12,20
255,20,4,8,20,20,20,6,2,10,13
256,20,11,11,20,20,20,14,5,12,20
257,20,4,8,20,20,20,6,2,10,13
258,20,10,10,20,20,20,13,4,12,20
259,20,11,17,20,20,20,17,5,12,20
260,20,5,8,20,20,20,6,2,13,13
261,20,5,8,20,20,20,6,2,13,13
262,20,11,12,20,20,20,11,6,7,20
263,20,5,8,20,20,20,6,2,13,13
264,20,4,6,20,20,20,7,2,11,12
265,20,5,5,20,20,20,5,4,7,12
266,20,5,4,20,20,20,4,4,5,8
267,20,4,6,20,20,20,7,2,12,12
268,20,4,6,20,20,20,7,2,12,12
269,20,4,6,20,20,20,7,2,12,12
270,20,13,15,20,20,20,15,7,12,20
271,20,9,10,20,20,20,13,4,13,20
272,20,4,6,20,20,20,7,2,12,12
273,20,9,10,20,20,20,13,4,8,20
274,20,5,7,20,20,20,7,2,12,13
275,20,5,7,20,20,20,7,2,12,13
276,20,10,11,20,20,20,8,5,20,20
277,20,9,16,20,20,20,15,5,14,20
278,20,4,6,20,20,20,7,2,12,13
279,20,10,20,20,20,20,17,6,17,20
280,20,11,15,20,20,20,12,5,12,20
281,20,4,3,18,20,12,2,3,2,3
282,20,10,20,20,20,20,17,7,17,20
283,20,11,15,20,20,20,11,5,12,20
284,20,4,5,20,20,20,7,2,12,13
285,20,9,16,20,20,20,14,6,15,20
286,20,5,7,20,20,20,8,2,12,13
287,20,5,7,20,20,20,8,2,12,13
288,20,5,7,20,20,20,7,2,12,13
289,20,9,17,20,20,20,16,6,15,20
290,20,10,20,20,20,20,17,6,16,20
291,20,9,16,20,20,20,16,6,15,20
292,20,3,11,20,20,20,11,4,6,20
293,20,5,7,20,20,20,7,3,16,15
294,20,11,20,20,20,20,18,6,16,20
295,20,5,8,20,20,20,8,2,13,13
296,20,3,11,20,20,20,11,5,6,20
297,20,4,8,20,20,20,7,2,16,12
298,20,9,19,20,20,20,17,6,15,20
299,20,5,8,20,20,20,8,2,14,13
300,20,5,7,20,20,20,7,2,12,13
301,20,5,7,20,20,20,7,2,12,13
302,20,8,18,20,20,20,14,4,14,20
303,20,4,5,20,20,20,7,2,12,13
304,20,12,20,20,20,20,19,8,19,20
305,20,5,7,20,20,20,7,2,12,13
306,20,8,18,20,20,20,13,5,13,20
307,20,5,7,20,20,20,7,2,12,13
308,20,5,8,20,20,20,7,2,17,16
309,20,7,16,20,20,20,12,6,6,20
310,20,10,20,20,20,20,18,6,15,20
311,20,10,20,20,20,20,18,6,15,20
312,20,10,20,20,20,20,18,6,15,20
313,20,7,8,20,20,20,7,5,20,20
314,20,8,18,20,20,20,12,5,13,20
315,20,9,20,20,20,20,11,5,5,20
316,20,9,20,20,20,20,11,6,5,20
317,20,5,7,20,20,20,7,2,13,13
318,20,8,9,20,20,20,7,5,20,20
319,20,8,9,20,20,20,7,5,20,20
320,20,8,18,20,20,20,12,5,13,20
321,20,9,20,20,20,20,11,6,5,20
322,20,3,11,20,20,20,9,4,6,20
323,20,8,18,20,20,20,10,5,3,20
324,20,8,18,20,20,20,10,5,3,20
325,20,8,18,20,20,20,10,5,3,20
326,20,8,18,20,20,20,11,5,6,20
327,20,8,18,20,20,20,14,5,12,20
328,20,5,7,20,20,20,7,2,13,13
329,20,8,19,20,20,20,14,5,12,20
330,20,11,20,20,20,20,19,6,17,20
331,20,8,20,20,20,20,11,6,6,20
332,20,5,7,20,20,20,7,2,15,13
333,20,8,18,20,20,20,12,5,9,20
334,20,9,20,20,20,20,10,6,6,20
335,20,4,11,20,20,20,10,5,6,20
336,20,4,11,20,20,20,10,5,6,20
337,20,8,18,20,20,20,11,5,5,20
338,20,8,18,20,20,20,11,5,5,20
339,20,12,20,20,20,20,20,7,17,20
340,20,4,12,20,20,20,6,3,5,20
341,20,10,20,20,20,20,18,6,14,20
342,20,8,18,20,20,20,13,5,11,20
343,20,8,18,20,20,20,13,5,11,20
344,20,4,11,20,20,20,10,5,6,20
345,20,12,20,20,20,20,19,7,17,20
346,20,8,18,20,20,20,10,5,3,20
347,20,3,13,20,20,20,6,4,5,20
348,20,8,18,20,20,20,10,5,3,20
349,20,9,20,20,20,20,9,6,5,20
350,20,5,9,20,20,20,7,2,18,18
351,20,5,9,20,20,20,7,2,18,17
352,20,5,9,20,20,20,7,2,17,17
353,20,5,9,20,20,20,7,3,18,18
354,20,11,10,20,20,20,8,6,20,20
355,20,5,6,20,20,20,7,2,13,13
356,20,8,18,20,20,20,11,6,6,20
357,20,5,6,20,20,20,7,2,13,13
358,20,10,20,20,20,20,17,6,11,20
359,20,9,20,20,20,20,17,5,8,20
360,20,13,20,20,20,20,18,9,16,20
361,20,5,7,20,20,20,7,2,13,13
362,20,11,20,20,20,20,17,7,15,20
363,20,9,20,20,20,20,10,6,5,20
364,20,5,6,20,20,20,7,2,13,14
365,20,8,18,20,20,20,11,5,5,20
366,20,8,18,20,20,20,11,6,5,20
367,20,6,18,20,20,20,10,6,6,20
368,20,15,20,20,20,20,20,9,20,20
369,20,14,20,20,20,20,18,10,20,20
370,20,14,20,20,20,20,18,9,20,20
371,20,14,20,20,20,20,18,9,20,20
372,20,11,20,20,20,20,17,7,11,20
373,20,11,20,20,20,20,17,7,11,20
374,20,14,20,20,20,20,18,10,20,20
375,20,13,20,20,20,20,18,9,16,20
376,20,6,17,20,20,20,10,6,6,20
377,20,14,20,20,20,20,18,9,20,20
378,20,9,20,20,20,20,12,6,5,20
379,20,5,13,20,20,20,9,3,19,18
380,20,8,20,20,20,20,12,5,6,20
381,20,9,20,20,20,20,12,6,5,20
382,20,14,20,20,20,20,20,9,20,20
383,20,14,20,20,20,20,20,9,20,20
384,20,5,17,20,20,20,10,5,7,20
385,20,10,20,20,20,20,16,7,9,20
386,20,4,13,20,20,20,8,3,11,20
387,20,10,12,20,20,20,8,8,20,20
388,20,14,20,20,20,20,20,9,20,20
389,20,9,20,20,20,20,12,5,7,20
390,20,14,20,20,20,20,20,9,20,20
391,20,14,20,20,20,20,20,9,20,20
392,20,4,14,20,20,20,8,3,11,20
393,20,4,5,20,20,20,7,2,12,13
394,20,4,5,20,20,20,7,2,12,13
395,20,4,16,20,20,20,10,4,20,20
396,20,4,16,20,20,20,10,3,20,20
397,20,11,14,20,20,20,10,8,20,20
398,20,5,11,20,20,20,8,2,19,18
399,20,5,11,20,20,20,8,2,19,18
400,20,5,11,20,20,20,8,2,19,18
401,20,10,13,20,20,20,12,8,20,20
402,20,5,12,20,20,20,8,2,19,18
403,20,12,20,20,20,20,19,9,20,20
404,20,12,20,20,20,20,17,7,16,20
405,20,11,20,20,20,20,17,7,13,20
406,20,16,20,20,20,20,15,9,20,20
407,20,15,20,20,20,20,20,9,20,20
408,20,16,20,20,20,20,15,9,20,20
409,20,12,20,20,20,20,17,7,13,20
410,20,5,10,20,20,20,9,2,17,15
411,20,13,20,20,20,20,19,9,20,20
412,20,13,20,20,20,20,19,8,20,20
413,20,17,20,20,20,20,16,9,20,20
414,20,5,18,20,20,20,10,5,9,20
415,20,15,20,20,20,20,20,9,20,20
416,20,15,20,20,20,20,20,9,20,20
417,20,17,20,20,20,20,17,10,20,20
418,20,8,19,20,20,20,11,6,9,20
419,20,7,20,20,20,20,16,6,9,20
420,20,8,19,20,20,20,11,6,9,20
421,20,8,20,20,20,20,16,8,9,20
422,20,9,20,20,20,20,13,7,11,20
423,20,19,20,20,20,20,20,12,20,20
424,20,11,20,20,20,20,16,7,12,20
425,20,5,6,20,20,20,7,2,13,13
426,20,11,20,20,20,20,18,7,20,20
427,20,9,20,20,20,20,13,8,11,20
428,20,10,12,20,20,20,12,7,20,20
429,20,10,12,20,20,20,12,7,20,20
430,20,5,10,20,20,20,8,2,17,15
431,20,9,20,20,20,20,12,8,11,20
432,20,5,7,20,20,20,7,2,14,13
433,20,13,17,20,20,20,14,8,20,20
434,20,6,20,20,20,20,10,5,10,20
435,20,3,12,20,20,20,5,3,11,20
436,20,15,20,20,20,20,19,10,20,20
437,20,11,14,20,20,20,13,7,20,20
438,20,11,20,20,20,20,15,8,14,20
439,20,12,13,20,20,20,13,7,20,20
440,20,5,7,20,20,20,7,2,14,13
441,20,17,20,20,20,20,20,12,20,20
442,20,17,20,20,20,20,18,12,20,20
443,20,10,20,20,20,20,19,8,20,20
444,20,10,20,20,20,20,18,8,20,20
445,20,12,15,20,20,20,14,7,20,20
446,20,13,20,20,20,20,20,9,20,20
447,20,8,20,20,20,20,14,8,11,20
448,20,17,20,20,20,20,20,12,20,20
449,20,9,20,20,20,20,13,9,12,20
450,20,15,20,20,20,20,18,11,20,20
451,20,9,20,20,20,20,15,10,10,20
452,20,10,20,20,20,20,18,8,20,20
453,20,17,20,20,20,20,20,12,20,20
454,20,12,19,20,20,20,14,7,20,20
455,20,5,10,20,20,20,8,2,17,15
456,20,9,20,20,20,20,15,10,10,20
457,20,17,20,20,20,20,20,11,20,20
458,20,5,11,20,20,20,8,2,18,18
459,20,9,20,20,20,20,14,7,12,20
460,20,17,20,20,20,20,20,11,20,20
461,20,17,20,20,20,20,20,11,20,20
462,20,17,20,20,20,20,20,11,20,20
463,20,9,20,20,20,20,14,8,11,20
464,20,17,20,20,20,20,19,12,20,20
465,20,17,20,20,20,20,19,12,20,20
466,20,17,20,20,20,20,20,11,20,20
467,20,10,20,20,20,20,18,9,20,20
468,20,10,20,20,20,20,18,9,20,20
469,20,17,20,20,20,20,18,13,20,20
470,20,4,17,20,20,20,9,3,20,20
471,20,17,20,20,20,20,18,13,20,20
472,20,18,20,20,20,20,20,11,20,20
473,20,18,20,20,20,20,20,11,20,20
474,20,4,13,20,20,20,7,3,10,20
475,20,17,20,20,20,20,20,11,20,20
476,20,10,20,20,20,20,18,9,20,20
477,20,10,20,20,20,20,18,9,20,20
478,20,7,15,20,20,20,9,4,12,20
479,20,15,20,20,20,20,20,12,20,20
480,20,6,20,20,20,20,10,6,10,20
481,20,18,20,20,20,20,20,14,20,20
482,20,15,20,20,20,20,18,13,20,20
483,20,4,10,20,20,20,8,2,17,15
484,20,7,14,20,20,20,7,4,11,20
485,20,5,15,20,20,20,6,3,11,20
486,20,4,10,20,20,20,7,1,19,18
487,20,5,11,20,20,20,8,2,18,18
488,20,3,9,20,20,18,4,1,9,20
489,20,5,11,20,20,20,8,2,18,18
490,20,7,16,20,20,20,10,4,12,20
491,0,0,0,0,4,0,0,0,0,0
492,20,9,20,20,20,20,15,8,12,20
493,20,3,9,20,20,17,4,1,20,20
494,20,4,10,20,20,20,8,2,15,15
495,20,11,20,20,20,20,14,8,12,20
496,20,14,20,20,20,20,19,13,20,20
497,20,11,20,20,20,20,14,8,15,20
498,20,14,20,20,20,20,20,13,20,20
499,20,4,10,20,20,17,4,1,20,20
500,20,4,10,20,20,17,4,1,20,20
501,20,4,10,20,20,17,4,1,20,20
502,20,11,20,20,20,20,20,9,20,20
503,20,7,20,20,20,20,11,8,9,20
504,20,4,10,20,20,18,7,2,20,20
505,20,13,20,20,20,20,19,14,20,20
506,20,4,9,20,20,20,8,2,15,15
507,20,4,10,20,20,18,7,2,20,20
508,20,4,10,20,20,18,7,2,20,20
509,20,4,10,20,20,18,7,2,20,20
510,20,4,10,20,20,18,7,2,20,20
511,20,4,10,20,20,18,7,2,20,20
512,20,4,12,20,20,20,5,2,8,20
513,20,4,16,20,20,20,9,3,20,20
514,20,11,20,20,20,20,15,8,15,20
515,20,3,10,20,20,20,6,1,17,17
516,20,4,18,20,20,20,9,2,20,20
517,0,0,0,0,0,0,0,0,0,0
518,20,4,13,20,20,20,5,3,9,20
519,20,4,13,20,20,20,5,3,9,20
520,20,4,13,20,20,20,5,3,9,20
521,20,4,13,20,20,20,5,3,9,20
522,20,4,13,20,20,20,5,3,9,20
523,20,4,13,20,20,20,5,3,9,20
524,20,4,13,20,20,20,5,3,9,20
525,20,4,13,20,20,20,5,3,9,20
526,20,4,13,20,20,20,5,3,9,20
527,2,0,0,2,5,1,0,0,0,2
528,20,3,10,20,20,20,5,1,16,16
529,20,12,20,20,20,20,19,8,20,20
530,20,3,11,20,20,20,5,1,17,19
531,20,12,20,20,20,20,20,8,20,20
532,20,3,11,20,20,20,6,1,17,19
533,20,4,15,20,20,20,6,2,10,20
534,20,6,17,20,20,20,6,2,12,20
535,20,10,19,20,20,20,12,6,10,20
536,20,16,18,20,20,20,10,8,20,20
537,20,13,20,20,20,20,13,8,18,20
538,20,7,15,20,20,20,6,3,12,20
539,20,6,17,20,20,20,6,2,12,20
540,20,3,11,20,20,20,6,1,17,19
541,20,16,19,20,20,20,14,8,20,20
542,20,13,20,20,20,20,13,8,16,20
543,20,1,7,20,20,20,5,1,12,12
544,20,10,17,20,20,20,9,6,12,20
545,20,10,17,20,20,20,9,6,12,20
546,20,10,17,20,20,20,10,6,12,20
547,20,10,17,20,20,20,10,6,12,20
548,20,10,17,20,20,20,10,6,12,20
549,20,18,20,20,20,20,19,11,20,20
550,20,15,19,20,20,20,14,8,20,20
551,20,4,17,20,20,20,7,3,10,20
552,20,15,19,20,20,20,14,8,20,20
553,20,5,18,20,20,20,7,2,16,20
554,20,12,14,20,20,20,8,5,20,20
555,20,4,17,20,20,20,7,3,8,20
556,20,0,5,14,20,20,3,1,11,9
557,20,2,8,20,20,20,5,1,12,12
558,20,14,20,20,20,20,20,16,20,20
559,20,4,17,20,20,20,7,3,15,20
560,20,15,18,20,20,20,11,8,20,20
561,20,15,18,20,20,20,11,8,20,20
562,20,4,17,20,20,20,7,3,20,20
563,20,16,20,20,20,20,15,8,20,20
564,20,16,20,20,20,20,15,8,20,20
565,20,16,20,20,20,20,15,8,20,20
566,20,16,20,20,20,20,15,8,20,20
567,20,16,20,20,20,20,15,8,20,20
568,20,16,20,20,20,20,15,8,20,20
569,20,16,20,20,20,20,15,8,20,20
570,20,16,20,20,20,20,15,8,20,20
571,20,16,20,20,20,20,15,8,20,20
572,20,16,20,20,20,20,15,8,20,20
573,20,16,20,20,20,20,15,8,20,20
574,20,16,20,20,20,20,15,8,20,20
575,20,16,20,20,20,20,15,8,20,20
576,20,16,20,20,20,20,15,8,20,20
577,20,16,20,20,20,20,15,8,20,20
578,20,15,20,20,20,20,15,8,20,20
579,20,16,20,20,20,20,15,8,20,20
580,20,16,20,20,20,20,15,8,20,20
581,20,16,20,20,20,20,15,8,20,20
582,20,16,20,20,20,20,15,8,20,20
583,20,16,20,20,20,20,15,8,20,20
584,20,16,20,20,20,20,15,8,20,20
585,20,15,20,20,20,20,15,8,20,20
586,20,16,20,20,20,20,15,8,20,20
587,20,16,20,20,20,20,15,8,20,20
588,20,16,20,20,20,20,15,8,20,20
589,20,16,20,20,20,20,15,8,20,20
590,20,16,20,20,20,20,15,8,20,20
591,20,16,20,20,20,20,15,8,20,20
592,20,16,20,20,20,20,15,8,20,20
593,20,15,18,20,20,20,11,8,20,20
594,20,16,20,20,20,20,15,8,20,20
595,20,16,20,20,20,20,15,8,20,20
596,20,16,20,20,20,20,15,8,20,20
597,20,16,20,20,20,20,15,8,20,20
598,20,16,20,20,20,20,15,8,20,20
599,20,16,20,20,20,20,15,8,20,20
600,20,16,20,20,20,20,15,8,20,20
601,20,16,20,20,20,20,15,8,20,20
602,20,16,20,20,20,20,15,8,20,20
603,20,16,20,20,20,20,15,8,20,20
604,20,12,16,20,20,20,7,6,20,20
605,20,15,20,20,20,20,15,8,20,20
606,20,16,20,20,20,20,15,8,20,20
607,20,16,20,20,20,20,15,8,20,20
608,20,15,20,20,20,20,15,8,20,20
609,20,16,20,20,20,20,15,8,20,20
610,20,16,20,20,20,20,15,8,20,20
611,20,16,20,20,20,20,15,8,20,20
612,20,16,20,20,20,20,15,8,20,20
613,20,16,20,20,20,20,15,8,20,20
614,20,0,5,16,20,20,4,0,11,9
615,20,16,20,20,20,20,15,8,20,20
616,20,16,20,20,20,20,15,8,20,20
617,20,16,20,20,20,20,15,8,20,20
618,20,16,20,20,20,20,15,8,20,20
619,20,16,20,20,20,20,15,8,20,20
620,20,16,20,20,20,20,15,8,20,20
621,20,4,16,20,20,20,9,2,20,20
622,0,0,0,0,4,0,0,0,0,1
623,20,6,17,20,20,20,6,3,12,20
624,20,0,3,11,19,16,2,0,9,7
625,20,15,17,20,20,20,10,7,20,20
626,20,13,15,20,20,20,7,7,20,20
627,20,13,15,20,20,20,7,7,20,20
628,20,13,15,20,20,20,7,7,20,20
629,20,13,15,20,20,20,7,7,20,20
630,20,13,15,20,20,20,7,7,20,20
631,20,13,15,20,20,20,7,7,20,20
632,20,13,15,20,20,20,7,7,20,20
633,20,13,15,20,20,20,7,7,20,20
634,20,13,15,20,20,20,7,7,20,20
635,20,13,15,20,20,20,7,7,20,20
636,20,13,15,20,20,20,7,7,20,20
637,20,13,15,20,20,20,7,7,20,20
638,20,13,15,20,20,20,7,7,20,20
639,20,13,15,20,20,20,7,7,20,20
640,20,13,15,20,20,20,7,7,20,20
641,20,13,15,20,20,20,7,7,20,20
642,20,13,15,20,20,20,7,7,20,20
643,20,13,15,20,20,20,7,7,20,20
644,20,13,15,20,20,20,7,7,20,20
645,20,13,15,20,20,20,7,7,20,20
646,20,13,15,20,20,20,7,7,20,20
647,20,13,15,20,20,20,7,7,20,20
648,20,13,15,20,20,20,7,7,20,20
649,20,13,15,20,20,20,7,7,20,20
650,20,16,20,20,20,20,20,15,20,20
651,20,15,19,20,20,20,14,8,20,20
652,20,14,17,20,20,20,9,6,20,20
653,20,17,20,20,20,20,20,15,20,20
654,20,16,20,20,20,20,20,15,20,20
655,20,5,16,20,20,20,6,2,17,20
656,20,17,20,20,20,20,18,9,20,20
657,20,15,20,20,20,20,15,8,20,20
658,20,15,19,20,20,20,14,7,20,20
659,20,17,20,20,20,20,18,9,20,20
660,20,6,12,20,20,20,9,1,20,20
661,20,16,20,20,20,20,15,8,20,20
662,20,16,20,20,20,20,15,8,20,20
663,20,3,16,20,20,20,4,4,8,20
664,20,3,16,20,20,20,4,4,8,20
665,20,3,16,20,20,20,4,4,8,20
666,20,3,16,20,20,20,4,4,8,20
667,20,3,16,20,20,20,4,4,8,20
668,20,4,16,20,20,20,9,2,20,20
669,20,14,20,20,20,20,20,14,20,20
670,20,14,20,20,20,20,20,14,20,20
671,20,15,18,20,20,20,11,7,20,20
672,20,5,16,20,20,20,6,3,13,20
673,20,16,20,20,20,20,15,7,20,20
674,20,16,20,20,20,20,15,8,20,20
675,20,10,14,20,20,20,7,6,20,20
676,20,0,5,14,20,20,3,0,11,9
677,20,4,16,20,20,20,9,2,20,20
678,20,8,14,20,20,20,7,6,12,20
679,20,17,20,20,20,20,18,9,20,20
680,20,10,14,20,20,20,7,6,20,20
681,20,10,14,20,20,20,7,6,20,20
682,20,10,14,20,20,20,7,6,20,20
683,20,10,14,20,20,20,7,6,20,20
684,20,10,14,20,20,20,7,6,20,20
685,20,14,16,20,20,20,9,7,20,20
686,20,9,13,20,20,20,6,3,20,20
687,20,6,11,20,20,19,8,1,20,20
688,20,10,14,20,20,20,7,4,20,20
689,20,13,16,20,20,20,8,7,20,20
690,20,10,15,20,20,20,7,6,20,20
691,20,5,16,20,20,20,6,3,13,20
692,20,13,16,20,20,20,8,7,20,20
693,20,13,16,20,20,20,8,7,20,20
694,20,8,13,20,20,20,6,6,12,20
695,20,10,15,20,20,20,7,6,20,20
696,20,4,16,20,20,20,9,2,19,20
697,20,4,16,20,20,20,9,2,19,20
698,20,5,16,20,20,20,7,2,17,20
699,20,18,20,20,20,20,20,12,20,20
700,20,10,14,20,20,20,7,6,20,20
701,20,0,4,11,18,18,3,0,9,9
702,20,13,16,20,20,20,9,7,20,20
703,20,10,14,20,20,20,7,6,20,20
704,20,3,16,20,20,20,9,4,20,20
705,20,3,16,20,20,20,9,4,20,20
706,20,13,16,20,20,20,8,7,20,20
707,20,3,17,20,20,20,9,4,20,20
708,20,3,17,20,20,20,9,4,20,20
709,20,3,17,20,20,20,9,4,20,20
710,20,3,17,20,20,20,9,4,20,20
711,20,3,16,20,20,20,9,3,20,20
712,20,13,16,20,20,20,8,7,20,20
713,20,0,3,10,20,16,2,0,9,6
714,20,4,16,20,20,20,9,2,19,20
715,20,8,18,20,20,20,8,3,13,20
716,20,10,14,20,20,20,7,6,20,20
717,20,13,16,20,20,20,8,7,20,20
718,20,3,15,20,20,20,10,3,20,20
719,20,3,15,20,20,20,10,3,20,20
720,20,3,15,20,20,20,10,3,20,20
721,20,5,13,20,20,18,8,2,20,20
722,20,17,20,20,20,20,20,12,20,20
723,20,19,20,20,20,20,20,13,20,20
724,20,3,10,20,20,20,8,2,17,20
725,20,15,19,20,20,20,13,10,20,20
726,20,13,17,20,20,20,13,8,20,20
727,20,0,4,12,20,18,3,0,10,8
728,20,13,17,20,20,20,9,7,20,20
729,20,3,16,20,20,20,9,4,20,20
730,20,19,20,20,20,20,20,14,20,20
731,20,10,14,20,20,20,7,6,20,20
732,20,6,17,20,20,20,6,3,13,20
733,20,10,14,20,20,20,7,6,20,20
734,20,19,20,20,20,20,20,13,20,20
735,20,3,16,20,20,20,9,4,20,20
736,20,14,20,20,20,20,13,10,20,20
737,20,3,12,20,20,19,7,2,20,20
738,20,3,16,20,20,20,9,4,20,20
739,20,18,20,20,20,20,18,10,20,20
740,20,17,20,20,20,20,20,11,20,20
741,20,3,17,20,20,20,9,4,20,20
742,20,14,20,20,20,20,14,9,20,20
743,20,3,9,20,20,19,7,1,20,20
744,20,4,10,20,20,18,7,3,20,20
745,20,4,10,20,20,18,7,3,20,20
746,20,4,10,20,20,18,7,3,20,20
747,20,13,20,20,20,20,13,10,20,20
748,20,10,15,20,20,20,7,7,20,20
749,20,10,15,20,20,20,7,6,20,20
750,20,20,20,20,20,20,20,12,20,20
751,20,2,8,20,20,17,7,2,20,20
752,20,0,3,5,15,14,2,0,9,5
753,20,2,14,20,20,20,8,3,20,20
754,20,0,3,5,15,13,2,0,9,5
755,20,20,20,20,20,20,20,12,20,20
756,20,18,20,20,20,20,20,12,20,20
757,20,18,20,20,20,20,18,11,20,20
758,20,13,18,20,20,20,12,9,20,20
759,20,20,20,20,20,20,20,13,20,20
760,20,13,20,20,20,20,15,9,20,20
761,20,3,7,20,20,14,6,2,20,20
762,20,3,7,20,20,14,6,2,20,20
763,20,20,20,20,20,20,20,13,20,20
764,20,3,7,20,20,12,5,2,20,20
765,20,3,7,20,20,12,5,2,20,20
766,20,3,7,20,20,12,5,2,20,20
767,20,11,16,20,20,20,9,7,20,20
768,20,3,7,20,20,11,5,2,20,20
769,20,2,12,20,20,20,7,4,20,20
770,20,19,20,20,20,20,16,10,20,20
771,20,3,7,20,20,14,4,2,20,20
772,20,2,5,20,20,15,6,2,20,20
773,20,7,18,20,20,20,8,3,12,20
774,20,13,16,20,20,20,9,7,20,20
775,20,19,20,20,20,20,16,10,20,20
776,20,17,20,20,20,20,20,12,20,20
777,20,2,9,20,20,20,7,3,20,20
778,20,19,20,20,20,20,16,10,20,20
779,20,2,10,20,20,20,7,3,20,20
780,20,3,7,20,20,14,4,2,20,20
781,20,3,7,20,20,14,4,2,20,20
782,20,9,15,20,20,20,9,6,20,20
783,20,3,7,20,20,14,4,2,20,20
784,20,16,20,20,20,20,20,15,20,20
785,20,16,20,20,20,20,20,15,20,20
786,20,19,20,20,20,20,16,11,20,20
787,20,3,6,20,20,14,4,4,20,20
788,20,2,10,20,20,20,7,3,20,20
789,20,3,7,20,20,14,4,4,20,20
790,20,15,20,20,20,20,15,10,20,20
791,20,2,9,20,20,20,4,0,15,20
792,20,2,9,20,20,20,6,3,20,20
793,20,2,4,20,20,9,2,4,20,20
794,20,18,20,20,20,20,16,10,20,20
795,20,2,4,20,20,9,2,4,20,20
796,20,2,10,20,20,20,8,4,20,20
797,20,17,20,20,20,20,17,10,20,20
798,20,1,4,20,20,9,3,4,20,20
799,20,17,20,20,20,20,16,10,20,20
800,20,17,20,20,20,20,16,10,20,20
801,20,2,11,20,20,20,4,1,14,20
802,20,19,20,20,20,20,20,11,20,20
803,20,1,3,20,20,7,1,5,20,20
804,20,1,3,20,20,7,1,5,20,20
805,20,10,18,20,20,20,9,6,20,20
806,20,18,20,20,20,20,19,11,20,20
807,20,2,10,20,20,20,6,4,20,20
808,20,2,10,20,20,20,6,4,20,20
809,20,2,10,20,20,20,6,4,20,20
810,20,2,9,20,20,17,4,3,20,20
811,20,9,17,20,20,20,9,5,20,20
812,20,2,9,20,20,17,4,3,20,20
813,20,2,9,20,20,18,5,3,20,20
814,20,2,9,20,20,17,5,3,20,20
815,20,2,9,20,20,20,6,4,20,20
816,20,2,9,20,20,20,6,4,20,20
817,20,1,4,20,20,10,5,2,20,20
818,20,2,10,20,20,18,5,3,20,20
819,20,1,10,20,20,19,5,4,20,20
820,20,12,18,20,20,20,9,7,20,20
821,20,4,6,15,20,15,2,1,2,8
822,20,16,20,20,20,20,19,11,20,20
823,20,2,10,20,20,18,5,3,20,20
824,20,2,9,20,20,18,5,4,20,20
825,20,18,20,20,20,20,20,11,20,20
826,20,1,9,20,20,20,3,0,9,19
827,20,2,10,20,20,19,5,3,20,20
828,20,16,20,20,20,20,16,10,20,20
829,20,16,20,20,20,20,17,11,20,20
830,20,16,20,20,20,20,17,11,20,20
831,20,16,20,20,20,20,17,11,20,20
832,20,1,9,20,20,20,3,0,9,20
833,20,1,9,20,20,20,3,0,9,20
834,20,18,20,20,20,20,18,11,20,20
835,20,14,20,20,20,20,11,9,20,20
836,20,18,20,20,20,20,18,11,20,20
837,20,16,20,20,20,20,16,11,20,20
838,20,18,20,20,20,20,16,11,20,20
839,20,19,20,20,20,20,20,13,20,20
840,20,1,9,20,20,20,3,0,9,19
841,20,10,16,20,20,20,8,6,8,20
842,20,17,20,20,20,20,20,14,20,20
843,20,19,20,20,20,20,18,10,20,20
844,20,17,20,20,20,20,20,14,20,20
845,20,18,20,20,20,20,18,10,20,20
846,20,1,9,20,20,20,3,0,9,16
847,20,10,19,20,20,20,9,6,20,20
848,20,16,20,20,20,20,20,13,20,20
849,20,18,20,20,20,20,20,12,20,20
850,20,17,20,20,20,20,17,11,20,20
851,20,18,20,20,20,20,20,13,20,20
852,20,15,20,20,20,20,17,11,20,20
853,20,14,20,20,20,20,13,10,20,20
854,20,18,20,20,20,20,19,13,20,20
855,20,13,20,20,20,20,11,8,20,20
856,20,8,16,20,20,20,8,5,20,20
857,20,17,20,20,20,20,18,12,20,20
858,20,15,20,20,20,20,16,11,20,20
859,20,15,20,20,20,20,16,11,20,20
860,20,15,20,20,20,20,16,11,20,20
861,20,15,20,20,20,20,16,11,20,20
862,20,17,20,20,20,20,18,12,20,20
863,20,18,16,20,20,20,9,7,20,20
864,20,15,20,20,20,20,18,11,20,20
865,20,18,12,20,20,20,9,4,17,20
866,20,17,20,20,20,20,20,14,20,20
867,20,17,20,20,20,20,19,12,20,20
868,20,16,20,20,20,20,18,12,20,20
869,20,17,20,20,20,20,19,12,20,20
870,20,18,20,20,20,20,14,9,20,20
871,20,17,20,20,20,20,19,12,20,20
872,20,15,20,20,20,20,18,13,20,20
873,20,16,20,20,20,20,17,12,20,20
874,20,2,11,20,20,20,6,0,7,20
875,20,8,15,20,20,20,8,3,20,20
876,20,16,20,20,20,20,19,10,20,20
877,20,20,16,20,20,20,9,4,20,20
878,20,8,14,20,20,20,8,1,20,13
879,20,19,20,20,20,20,12,9,20,20
880,20,15,11,20,20,20,6,4,7,20
881,20,17,20,20,20,20,17,9,20,20
882,20,15,20,20,20,20,18,12,20,20
883,20,15,20,20,20,20,19,9,20,20
884,20,15,20,20,20,20,19,9,20,20
885,20,15,20,20,20,20,19,9,20,20
886,20,15,20,20,20,20,19,9,20,20
887,20,17,20,20,20,20,17,9,20,20
888,20,15,20,20,20,20,19,9,20,20
889,20,15,20,20,20,20,19,9,20,20
890,20,15,20,20,20,20,18,12,20,20
891,20,20,20,20,20,20,13,8,20,20
892,20,15,20,20,20,20,17,10,20,20
893,20,20,20,20,20,20,13,8,20,20
894,20,20,20,20,20,20,13,8,20,20
895,20,14,20,20,20,20,18,10,20,20
896,20,8,14,20,20,20,7,1,20,13
897,20,14,20,20,20,20,19,10,20,20
898,20,17,14,20,20,20,7,4,9,20
899,20,20,20,20,20,20,12,8,20,20
900,20,20,20,20,20,20,13,10,20,20
901,20,2,11,20,20,20,6,0,5,20
902,20,14,20,20,20,20,10,9,20,20
903,20,14,20,20,20,20,10,9,20,20
904,20,15,20,20,20,20,18,12,20,20
905,20,14,20,20,20,20,18,12,20,20
906,20,14,20,20,20,20,18,12,20,20
907,20,2,11,19,20,20,6,0,5,20
908,20,14,20,20,20,20,11,9,20,20
909,20,14,20,20,20,20,19,12,20,20
910,20,14,20,20,20,20,15,10,20,20
911,20,14,20,20,20,20,17,13,20,20
912,20,14,20,20,20,20,10,9,20,20
913,20,14,20,20,20,20,16,12,20,20
914,20,14,20,20,20,20,17,12,20,20
915,20,5,8,18,20,16,3,1,5,9
916,20,13,20,20,20,20,15,10,20,20
917,20,5,8,18,20,20,4,1,6,11
918,20,20,15,20,20,20,8,4,20,20
919,20,13,20,20,20,20,17,11,20,20
920,20,14,20,20,20,20,16,11,20,20
921,20,5,9,18,20,20,5,1,6,11
922,20,13,20,20,20,20,12,10,20,20
923,20,14,20,20,20,20,17,11,20,20
924,20,12,20,20,20,20,13,10,20,20
925,20,12,20,20,20,20,17,12,20,20
926,20,20,18,20,20,20,12,9,20,20
927,20,12,20,20,20,20,17,13,20,20
928,20,10,20,20,20,20,9,5,20,20
929,20,12,20,20,20,20,15,10,20,20
930,20,8,15,20,20,20,8,3,20,19
931,20,12,20,20,20,20,13,10,20,20
932,20,4,9,20,20,20,5,2,6,12
933,20,19,14,20,20,20,7,4,17,20
934,20,12,20,20,20,20,10,7,20,20
935,20,12,20,20,20,20,15,9,20,20
936,20,9,16,20,20,20,8,4,20,20
937,20,8,14,20,20,20,8,3,20,14
938,20,13,20,20,20,20,15,11,20,20
939,20,20,15,20,20,20,8,4,20,20
940,20,4,9,20,20,20,5,2,6,12
941,20,9,15,20,20,20,7,1,20,11
942,20,11,20,20,20,20,9,9,20,20
943,20,20,15,20,20,20,9,4,20,20
944,20,12,20,20,20,20,16,10,20,20
945,20,14,20,20,20,20,14,12,20,20
946,20,20,18,20,20,20,11,6,20,20
947,20,10,20,20,20,20,9,8,20,20
948,20,8,20,20,20,20,9,9,20,20
949,20,20,14,20,20,20,9,4,17,20
950,1,1,1,6,11,3,1,2,0,0
951,20,9,15,20,20,20,8,1,20,11
952,20,10,20,20,20,20,13,7,20,20
953,20,5,12,20,20,20,6,2,9,15
954,20,20,18,20,20,20,12,6,20,20
955,20,9,15,20,20,20,8,1,20,11
956,20,9,15,20,20,20,7,1,20,11
957,20,13,20,20,20,20,13,8,20,20
958,20,9,14,20,20,20,6,3,20,11
959,20,11,20,20,20,20,12,10,20,20
960,20,20,19,20,20,20,12,6,20,20
961,20,13,20,20,20,20,11,8,20,20
962,20,20,15,20,20,20,10,6,20,20
963,20,7,20,20,20,20,6,6,20,20
964,20,8,20,20,20,20,12,6,20,20
965,20,8,20,20,20,20,12,6,20,20
966,20,8,16,20,20,20,6,6,20,20
967,20,9,20,20,20,20,11,7,20,20
968,20,9,20,20,20,20,11,7,20,20
969,20,9,20,20,20,20,11,7,20,20
970,20,9,20,20,20,20,11,7,20,20
971,20,1,3,14,20,13,2,1,0,11
972,20,8,20,20,20,20,12,6,20,20
973,20,12,20,20,20,20,11,8,20,20
974,12,1,1,6,8,6,2,0,0,2
975,20,13,20,20,20,20,10,8,20,20
976,4,0,0,5,7,2,1,0,0,0
977,20,8,20,20,20,20,10,6,20,20
978,20,10,19,20,20,20,5,4,20,20
979,20,8,20,20,20,20,12,6,20,20
980,20,3,8,20,20,20,5,4,6,11
981,20,12,20,20,20,20,10,8,20,20
982,20,20,15,20,20,20,12,6,20,20
983,20,6,20,20,20,20,6,5,20,20
984,20,6,19,20,20,20,5,6,20,20
985,20,20,17,20,20,20,12,6,20,20
986,20,7,20,20,20,20,8,6,20,20
987,20,20,16,20,20,20,12,6,20,20
988,20,3,8,20,20,20,5,4,6,10
989,20,3,8,20,20,20,5,4,6,10
990,20,20,16,20,20,20,12,6,20,20
991,20,20,16,20,20,20,12,6,20,20
992,20,20,16,20,20,20,12,6,20,20
993,20,20,17,20,20,20,12,6,20,20
994,20,7,20,20,20,20,8,6,20,20
995,20,10,13,20,20,20,8,3,5,20
996,20,7,20,20,20,20,8,6,20,20
997,20,20,16,20,20,20,11,6,20,20
998,20,5,15,20,20,20,5,4,20,20
999,20,6,20,20,20,20,9,6,20,20
1000,20,20,17,20,20,20,12,5,20,20
1001,20,20,17,20,20,20,12,5,20,20
1002,20,6,20,20,20,20,6,6,20,20
1003,20,7,20,20,20,20,9,8,20,20
1004,20,6,16,20,20,20,5,5,20,20
1005,20,20,14,20,20,20,11,5,20,20
1006,20,4,10,20,20,20,8,2,4,15
1007,20,3,10,20,20,20,8,2,3,18
1008,20,3,10,20,20,20,8,2,3,18
1009,20,6,19,20,20,20,7,6,20,20
1010,20,6,19,20,20,20,7,6,20,20
1011,20,6,18,20,20,20,5,5,20,20
1012,20,4,10,20,20,20,8,2,4,15
1013,20,4,11,20,20,20,8,2,4,14
1014,20,6,18,20,20,20,5,5,20,20
1015,20,6,18,20,20,20,5,5,20,20
1016,20,5,19,20,20,20,7,6,20,20
1017,20,7,17,20,20,20,10,2,3,20
1018,20,2,3,12,20,16,1,3,4,6
1019,20,5,19,20,20,20,7,8,20,20
1020,20,6,17,20,20,20,5,5,20,20
1021,20,6,17,20,20,20,5,5,20,20
1022,20,6,17,20,20,20,5,5,20,20
1023,20,5,10,20,20,18,3,2,20,18
1024,20,4,9,20,20,20,8,3,3,13
1025,20,3,6,19,20,20,4,3,6,9
1026,20,4,13,20,20,20,8,2,4,14
1027,20,6,15,20,20,19,5,4,20,20
1028,20,20,14,20,20,20,13,4,20,20
1029,20,20,14,20,20,20,13,4,20,20
1030,20,5,10,20,20,20,5,2,20,8
1031,20,6,14,20,20,20,8,2,4,16
1032,20,2,2,6,11,11,1,2,4,6
1033,20,5,15,20,20,19,5,4,20,20
1034,20,4,10,20,20,20,6,2,8,15
1035,20,4,9,20,20,20,8,3,3,13
1036,20,5,14,20,20,16,4,2,20,20
1037,20,5,13,20,20,20,9,2,4,16
1038,20,5,18,20,20,20,7,6,20,20
1039,20,11,18,20,20,20,8,7,20,20
1040,20,5,14,20,20,20,9,2,4,15
1041,20,5,13,20,20,20,9,3,4,15
1042,20,5,13,20,20,20,9,3,4,15
1043,20,5,13,20,20,20,9,3,4,15
1044,20,9,19,20,20,20,11,2,6,20
1045,20,9,19,20,20,20,11,2,6,20
1046,20,9,19,20,20,20,11,2,6,20
1047,20,6,14,20,20,15,4,2,20,20
1048,20,1,9,20,20,20,4,2,4,8
1049,20,20,14,20,20,20,12,4,17,20
1050,12,1,1,8,12,8,1,2,2,2
1051,20,1,6,20,20,14,3,2,5,5
1052,20,8,17,20,20,20,9,3,7,18
1053,20,9,17,20,20,20,9,3,7,18
1054,20,5,13,20,20,20,9,3,5,15
1055,20,9,20,20,20,20,10,2,8,20
1056,20,2,7,20,20,12,4,2,9,5
1057,20,1,9,20,20,20,4,2,5,7
1058,20,1,9,20,20,20,4,2,5,7
1059,20,20,14,20,20,20,13,3,20,20
1060,20,20,14,20,20,20,13,3,20,20
1061,20,1,9,20,20,20,4,2,5,7
1062,20,9,19,20,20,20,11,2,7,20
1063,20,2,2,10,16,12,1,3,4,6
1064,20,11,20,20,20,20,11,2,8,20
1065,20,10,20,20,20,20,11,2,7,20
1066,20,1,6,20,20,14,3,2,4,5
1067,20,3,14,20,20,19,5,2,20,20
1068,13,1,1,8,12,8,1,2,2,2
1069,20,4,7,20,20,20,6,3,8,11
1070,20,20,15,20,20,20,13,4,20,20
1071,20,3,13,20,20,19,5,1,17,20
1072,20,2,2,9,14,12,1,2,4,6
1073,20,9,20,20,20,20,11,3,7,20
1074,20,20,16,20,20,20,13,3,20,20
1075,20,20,16,20,20,20,13,3,20,20
1076,20,11,20,20,20,20,11,2,8,20
1077,20,11,20,20,20,20,11,2,8,20
1078,20,3,6,19,20,18,7,3,2,6
1079,20,4,10,20,20,20,8,3,3,12
1080,20,3,6,16,20,15,7,3,2,5
1081,3,1,1,7,11,8,1,2,0,1
1082,20,10,20,20,20,20,11,3,7,20
1083,20,10,20,20,20,20,12,3,8,20
1084,20,20,14,20,20,20,11,4,20,20
1085,20,5,13,20,20,20,8,3,6,16
1086,20,4,9,20,20,20,8,3,3,12
1087,20,5,12,20,20,20,8,3,5,14
1088,20,20,16,20,20,20,12,4,20,20
1089,20,3,12,20,20,19,5,1,13,20
1090,20,3,6,20,20,19,7,3,2,7
1091,20,10,20,20,20,20,11,2,8,20
1092,1,1,1,7,9,5,1,2,0,0
1093,20,10,20,20,20,20,11,3,8,20
1094,20,4,8,20,20,20,6,1,7,13
1095,20,10,20,20,20,20,11,2,8,20
1096,20,4,7,20,20,20,6,1,7,11
1097,20,4,7,20,20,20,6,3,8,11
1098,1,1,1,7,9,3,1,2,0,0
1099,20,4,7,20,20,20,6,3,8,11
1100,20,1,6,20,20,14,3,2,4,5
1101,20,1,6,20,20,14,3,2,4,5
1102,20,10,20,20,20,20,11,3,8,20
1103,20,20,14,20,20,20,10,4,20,20
1104,20,4,9,20,20,20,8,3,2,14
1105,20,4,7,20,20,20,6,3,8,11
1106,20,5,12,20,20,20,8,3,3,15
1107,20,11,20,20,20,20,12,3,9,20
1108,20,10,20,20,20,20,11,3,7,20
1109,20,4,7,20,20,20,6,1,8,11
1110,20,20,16,20,20,20,13,4,20,20
1111,20,20,16,20,20,20,13,4,20,20
1112,20,20,13,20,20,20,10,4,20,20
1113,20,20,13,20,20,20,10,4,20,20
1114,20,20,16,20,20,20,13,3,17,20
1115,20,13,20,20,20,20,12,3,14,20
1116,20,20,13,20,20,20,10,4,20,20
1117,20,20,19,20,20,20,12,4,20,20
1118,20,4,7,20,20,20,6,3,8,10
1119,20,11,20,20,20,20,12,3,8,20
1120,20,3,3,13,16,14,3,2,6,8
1121,20,20,16,20,20,20,11,4,20,20
1122,20,13,20,20,20,20,12,3,15,20
1123,20,11,20,20,20,20,12,3,9,20
1124,20,20,13,20,20,20,10,4,20,20
1125,20,4,10,20,20,20,9,3,2,14
1126,20,20,16,20,20,20,11,4,20,20
1127,20,11,20,20,20,20,12,3,8,20
1128,20,4,7,20,20,20,6,1,8,11
1129,20,5,12,20,20,20,8,3,5,17
1130,20,3,9,20,20,20,9,3,2,11
1131,20,4,7,20,20,20,6,3,8,11
1132,20,4,7,20,20,20,6,3,8,11
1133,20,5,12,20,20,20,8,3,5,17
1134,20,11,20,20,20,20,12,3,9,20
1135,20,4,6,20,20,20,5,3,8,10
1136,20,4,6,20,20,20,5,3,8,10
1137,20,5,13,20,20,20,8,3,6,17
1138,20,4,9,20,20,20,6,1,8,12
1139,20,19,16,20,20,20,12,3,13,20
1140,20,6,16,20,20,20,8,3,6,19
1141,20,19,16,20,20,20,12,3,13,20
1142,20,19,16,20,20,20,12,3,13,20
1143,20,4,7,20,20,20,6,1,8,10
1144,20,4,7,20,20,20,6,2,8,10
1145,20,4,6,20,20,20,5,3,8,10
1146,20,20,18,20,20,20,13,1,14,20
1147,20,10,19,20,20,20,8,3,6,20
1148,20,3,11,20,20,8,2,2,18,20
1149,20,4,10,20,20,20,9,3,2,14
1150,20,3,3,14,18,14,3,3,6,8
1151,20,2,11,20,20,12,2,1,12,20
1152,20,4,6,20,20,20,5,3,7,10
1153,20,4,6,20,20,20,5,3,8,10
1154,20,5,12,20,20,20,8,3,6,17
1155,20,3,11,20,20,8,2,2,18,20
1156,20,14,20,20,20,20,16,3,16,20
1157,20,5,13,20,20,20,4,4,20,20
1158,20,20,18,20,20,20,12,3,20,20
1159,20,4,6,20,20,20,5,2,8,10
1160,20,3,5,17,20,19,5,3,7,10
1161,20,3,10,20,20,20,7,3,2,11
1162,20,4,6,20,20,20,5,3,7,10
1163,20,6,16,20,20,20,8,3,6,20
1164,20,3,6,20,20,20,7,3,2,10
1165,20,3,7,20,20,19,4,1,6,10
1166,20,4,11,20,20,20,9,3,2,14
1167,20,11,20,20,20,20,12,3,9,20
1168,20,11,20,20,20,20,12,3,9,20
1169,20,20,13,20,20,20,11,3,20,20
1170,20,2,5,20,20,11,5,2,1,5
1171,20,6,16,20,20,20,8,3,6,19
1172,20,14,20,20,20,20,15,3,16,20
1173,20,4,6,20,20,20,5,3,7,10
1174,20,13,20,20,20,20,14,3,12,20
1175,20,3,6,20,20,16,7,3,2,6
1176,20,6,16,20,20,20,8,3,6,20
1177,20,20,15,20,20,20,12,3,20,20
1178,20,15,20,20,20,20,16,3,16,20
1179,20,4,6,20,20,20,5,1,8,10
1180,20,2,5,20,20,10,5,1,1,6
1181,20,4,6,20,20,19,5,3,7,10
1182,20,5,12,20,20,20,9,3,4,12
1183,20,4,5,20,20,19,5,3,7,10
1184,20,7,18,20,20,20,9,3,6,20
1185,20,6,16,20,20,20,8,3,6,20
1186,20,4,6,20,20,20,5,3,7,10
1187,20,17,20,20,20,20,16,3,17,20
1188,20,6,16,20,20,20,8,3,6,20
1189,20,20,20,20,20,20,12,2,18,20
1190,20,10,20,20,20,20,13,4,7,20
1191,20,13,20,20,20,20,14,3,11,20
1192,20,20,18,20,20,20,12,3,20,20
1193,20,13,20,20,20,20,14,3,10,20
1194,20,19,14,20,20,20,11,4,20,20
1195,20,1,3,20,20,8,1,1,6,6
1196,20,5,13,20,20,20,8,3,6,20
1197,20,20,20,20,20,20,14,2,18,20
1198,20,5,14,20,20,20,9,3,6,20
1199,20,20,17,20,20,20,12,3,20,20
1200,20,20,17,20,20,20,12,3,20,20
1201,20,18,14,20,20,20,10,3,20,20
1202,20,20,20,20,20,20,14,4,17,20
1203,20,6,14,20,20,20,4,2,20,20
1204,20,20,20,20,20,20,14,2,18,20
1205,20,20,20,20,20,20,14,2,18,20
1206,20,4,6,20,20,19,5,3,7,10
1207,20,3,6,20,20,19,5,3,7,10
1208,20,20,20,20,20,20,13,2,16,20
1209,20,4,5,20,20,19,5,3,7,10
1210,20,4,5,20,20,17,5,3,7,10
1211,20,20,16,20,20,20,12,3,20,20
1212,20,18,12,20,20,20,11,3,20,20
1213,20,19,14,20,20,20,10,4,20,20
1214,20,4,5,20,20,19,5,3,7,10
1215,20,20,20,20,20,20,14,4,17,20
1216,20,4,5,20,20,20,5,1,7,10
1217,20,4,5,20,20,20,5,1,7,10
1218,20,20,20,20,20,20,13,2,15,20
1219,20,20,13,20,20,20,12,3,20,20
1220,20,11,20,20,20,20,11,4,10,20
1221,20,4,5,20,20,19,5,3,7,10
1222,20,19,20,20,20,20,15,2,18,20
1223,20,4,5,20,20,19,5,3,7,10
1224,20,20,20,20,20,20,13,2,15,20
1225,20,20,18,20,20,20,13,3,19,20
1226,20,20,18,20,20,20,13,3,18,20
1227,20,3,4,19,20,17,4,3,6,9
1228,13,0,3,20,20,6,1,2,5,3
1229,20,1,4,20,20,3,0,2,10,6
1230,20,19,20,20,20,20,13,1,18,20
1231,20,20,16,20,20,20,12,3,20,20
1232,20,18,20,20,20,20,13,1,16,20
1233,20,19,16,20,20,20,11,3,20,20
1234,20,18,14,20,20,20,10,4,20,20
1235,20,13,20,20,20,20,13,3,11,20
1236,20,20,20,20,20,20,13,2,18,20
1237,20,20,14,20,20,20,10,3,20,20
1238,20,20,20,20,20,20,13,4,16,20
1239,20,20,20,20,20,20,13,2,18,20
1240,20,6,18,20,20,20,9,3,6,20
1241,20,4,13,20,20,20,9,3,5,15
1242,20,4,13,20,20,20,9,3,5,15
1243,20,13,20,20,20,20,13,3,11,20
1244,20,5,13,20,20,20,9,3,5,14
1245,20,10,20,20,20,20,12,4,10,20
1246,20,4,5,20,20,17,5,3,7,10
1247,20,4,5,20,20,17,5,3,7,10
1248,20,20,20,20,20,20,13,2,18,20
1249,20,4,5,20,20,19,5,3,7,10
1250,20,20,16,20,20,20,12,3,20,20
1251,20,3,4,20,20,17,4,3,6,9
1252,20,20,14,20,20,20,12,3,20,20
1253,20,18,20,20,20,20,12,2,16,20
1254,10,0,2,20,20,2,0,2,5,3
1255,20,5,13,20,20,20,9,3,5,14
1256,20,5,12,20,20,20,10,4,5,14
1257,20,18,11,20,20,20,12,3,20,20
1258,20,18,20,20,20,20,11,2,17,20
1259,20,5,13,20,20,20,10,4,5,15
1260,20,4,6,20,20,15,2,2,17,14
1261,20,5,13,20,20,20,10,4,5,16
1262,20,5,8,20,20,20,11,5,2,8
1263,20,6,16,20,20,20,9,3,6,17
1264,20,6,16,20,20,20,9,3,6,17
1265,20,20,20,20,20,20,13,2,15,20
1266,20,5,8,20,20,20,11,5,2,9
1267,20,19,20,20,20,20,13,2,18,20
1268,20,5,11,20,20,20,10,4,2,10
1269,20,16,20,20,20,20,11,2,17,20
1270,20,6,16,20,20,20,9,3,6,17
1271,20,20,18,20,20,20,14,4,17,20
1272,20,12,20,20,20,20,12,3,11,20
1273,20,12,20,20,20,20,12,3,11,20
1274,20,20,20,20,20,20,13,2,17,20
1275,20,16,15,20,20,20,10,4,20,20
1276,20,20,15,20,20,20,14,3,19,20
1277,20,5,18,20,20,20,11,4,6,20
1278,20,9,20,20,20,20,11,4,7,20
1279,20,19,16,20,20,20,11,4,20,20
1280,20,1,3,20,20,6,2,1,2,2
1281,20,4,5,20,20,17,5,2,7,10
1282,20,16,20,20,20,20,12,2,17,20
1283,20,17,12,20,20,20,12,3,19,20
1284,20,17,20,20,20,20,12,2,18,20
1285,20,4,5,20,20,17,5,2,7,10
1286,20,18,14,20,20,20,12,3,20,20
1287,20,4,6,20,20,15,2,2,16,14
1288,20,20,15,20,20,20,14,4,18,20
1289,20,17,13,20,20,20,11,3,20,20
1290,20,4,5,20,20,17,5,1,7,10
1291,20,4,6,20,20,15,2,2,16,14
1292,13,0,1,7,9,4,1,0,1,1
1293,20,9,20,20,20,20,12,4,6,20
1294,20,4,5,20,20,17,5,1,7,10
1295,20,18,20,20,20,20,12,2,14,20
1296,20,13,16,20,20,20,9,4,20,20
1297,20,3,5,20,20,11,5,2,5,6
1298,20,4,5,20,20,17,5,1,7,10
1299,20,4,11,20,20,20,11,6,2,8
1300,20,15,11,20,20,20,12,3,18,20
1301,20,19,20,20,20,20,12,2,17,20
1302,20,9,20,20,20,20,12,4,6,20
1303,20,19,14,20,20,20,14,4,17,20
1304,20,4,10,20,20,20,11,6,2,6
1305,20,4,10,20,20,20,11,6,2,6
1306,20,14,16,20,20,20,10,4,20,20
1307,20,5,16,20,20,20,9,5,6,15
1308,20,15,16,20,20,20,10,3,20,20
1309,20,4,5,20,20,17,5,1,7,10
1310,20,14,16,20,20,20,10,3,20,20
1311,20,3,18,20,20,20,4,8,1,13
1312,20,10,20,20,20,20,11,2,10,20
1313,20,14,16,20,20,20,10,3,20,20
1314,20,5,6,20,20,16,2,1,16,14
1315,20,3,8,20,20,20,9,4,1,6
1316,20,4,16,20,20,20,8,5,6,15
1317,20,3,2,14,20,12,3,0,5,6
1318,20,7,14,20,20,20,6,4,20,19
1319,20,5,15,20,20,20,10,6,6,16
1320,20,5,15,20,20,20,10,6,6,16
1321,20,5,15,20,20,20,10,6,6,16
1322,20,5,15,20,20,20,10,6,6,16
1323,20,5,15,20,20,20,10,6,6,16
1324,20,3,9,20,20,20,7,4,1,6
1325,20,11,13,20,20,20,11,2,17,20
1326,20,3,6,20,20,20,7,4,1,5
1327,20,4,15,20,20,20,8,5,6,15
1328,20,8,14,20,20,20,7,4,20,20
1329,20,8,14,20,20,20,7,4,20,20
1330,20,4,5,20,20,17,5,1,7,10
1331,20,10,13,20,20,20,10,2,17,20
1332,20,11,20,20,20,20,11,2,13,20
1333,20,13,15,20,20,20,12,2,16,20
1334,20,3,3,18,20,14,3,1,6,9
1335,20,7,11,20,20,20,5,4,18,17
1336,20,7,11,20,20,20,4,4,18,17
1337,20,15,20,20,20,20,12,2,19,20
1338,20,5,16,20,20,20,9,5,6,14
1339,20,7,14,20,20,20,7,4,20,20
1340,20,5,16,20,20,20,9,5,6,14
1341,20,11,17,20,20,20,9,1,12,18
1342,20,9,12,20,20,20,9,2,15,20
1343,20,11,17,20,20,20,8,1,12,19
1344,20,11,17,20,20,20,9,1,12,20
1345,20,5,16,20,20,20,9,6,6,13
1346,20,3,9,20,20,20,11,4,1,7
1347,20,14,18,20,20,20,12,2,14,20
1348,20,5,16,20,20,20,9,5,6,13
1349,20,5,16,20,20,20,9,5,6,13
1350,20,5,16,20,20,20,9,5,6,13
1351,20,11,18,20,20,20,11,1,11,18
1352,20,3,7,20,20,20,9,4,1,6
1353,20,14,18,20,20,20,11,2,14,20
1354,20,7,11,20,20,20,4,3,18,16
1355,20,10,18,20,20,20,8,1,11,18
1356,20,5,16,20,20,20,9,6,6,12
1357,20,3,7,20,20,20,9,5,2,6
1358,20,1,1,14,17,3,2,0,2,3
1359,20,5,16,20,20,20,10,5,6,14
1360,20,5,16,20,20,20,10,5,6,14
1361,20,5,16,20,20,20,10,5,6,13
1362,20,9,13,20,20,20,9,1,10,20
1363,20,9,14,20,20,20,9,2,11,18
1364,20,9,14,20,20,20,8,2,17,20
1365,20,11,18,20,20,20,8,1,11,18
1366,20,7,14,20,20,20,6,3,18,20
1367,20,9,14,20,20,20,7,2,16,20
1368,20,3,9,20,20,20,9,5,3,7
1369,20,13,19,20,20,20,11,2,12,20
1370,20,13,20,20,20,20,11,2,12,20
1371,20,8,14,20,20,20,7,3,18,20
1372,20,3,7,20,20,20,9,5,3,6
1373,20,8,12,20,20,20,9,2,11,14
1374,20,6,13,20,20,20,6,3,18,20
1375,20,12,20,20,20,20,8,2,13,20
1376,20,8,15,20,20,20,9,2,9,15
1377,20,10,19,20,20,20,8,2,13,20
1378,20,4,15,20,20,20,8,4,5,11
1379,20,8,16,20,20,20,9,2,9,16
1380,20,7,12,20,20,20,9,2,11,16
1381,20,8,16,20,20,20,9,2,9,15
1382,20,8,16,20,20,20,9,2,9,15
1383,20,6,13,20,20,20,6,3,18,20
1384,20,7,13,20,20,20,8,3,9,13
1385,20,7,13,20,20,20,7,2,11,19
1386,20,8,15,20,20,20,8,3,9,12
1387,20,8,16,20,20,20,8,2,9,13
1388,20,6,13,20,20,20,6,2,11,15
1389,20,5,15,20,20,20,7,1,11,15
1390,20,7,13,20,20,20,7,3,10,19
1391,20,7,16,20,20,20,8,2,9,14
1392,20,7,11,20,20,20,7,2,11,11
1393,20,7,11,20,20,20,7,3,11,11
1394,20,5,14,20,20,20,6,1,9,10
1395,20,7,13,20,20,20,8,3,10,11
1396,20,7,11,20,20,20,7,3,11,11
1397,20,4,13,20,20,20,5,1,8,10
1398,20,4,13,20,20,20,5,1,8,10
1399,20,7,16,20,20,20,8,3,9,13
1400,20,4,13,20,20,20,5,1,8,10
1401,20,7,12,20,20,20,7,3,10,19
1402,20,7,16,20,20,20,8,3,9,13
1403,20,7,14,20,20,20,8,3,13,18
1404,20,6,13,20,20,20,8,3,9,11
1405,20,6,15,20,20,20,7,3,8,13
1406,20,6,13,20,20,20,8,3,9,11
1407,20,5,13,20,20,20,6,1,11,15
1408,3,0,0,3,5,1,0,0,0,0
1409,20,5,11,20,20,20,6,3,8,13
1410,20,6,14,20,20,20,7,3,8,12
1411,20,4,10,20,20,20,6,2,8,12
1412,20,4,10,20,20,20,6,2,7,10
1413,20,5,12,20,20,20,6,1,9,12
1414,20,5,13,20,20,20,5,1,10,13
1415,20,5,11,20,20,20,7,2,8,9
1416,20,4,11,20,20,20,6,3,8,11
1417,20,4,8,20,20,20,6,2,7,10
1418,20,4,12,20,20,20,5,2,8,12
1419,20,4,11,20,20,20,5,2,7,12
1420,20,4,11,20,20,20,5,2,7,12
1421,20,4,12,20,20,20,5,2,8,10
1422,20,4,11,20,20,20,5,2,6,9
1423,20,4,6,20,20,17,6,2,7,8
1424,20,4,10,20,20,19,6,2,7,8
1425,20,4,7,20,20,15,6,2,7,8
1426,20,4,7,20,20,15,6,2,7,8
1427,20,4,7,20,20,15,6,2,7,8
1428,20,4,7,20,20,15,6,2,7,8
1429,20,3,7,20,20,15,5,2,6,5
1430,20,3,6,20,20,11,5,2,7,5
1431,20,3,6,20,20,11,5,2,7,5
1432,20,3,6,20,20,11,5,2,6,5
1433,20,2,6,20,20,11,5,2,7,5
1434,20,2,6,20,20,8,3,2,7,6
1435,20,2,6,20,20,8,3,1,7,6
1436,20,2,6,20,20,8,3,1,7,6
1437,20,2,6,20,20,8,3,1,7,6
1438,20,2,6,18,20,18,4,2,7,2
1439,20,2,6,18,20,18,4,2,7,2
1440,20,2,6,20,20,8,3,1,7,6
1441,20,2,6,20,20,12,4,1,6,3
1442,20,2,6,20,20,12,4,1,6,3
1443,20,2,6,20,20,10,4,1,6,3
1444,20,2,6,20,20,10,4,1,6,3
1445,20,2,6,20,20,8,3,2,5,6
1446,20,2,6,20,20,8,3,2,5,6
1447,20,2,6,20,20,8,3,2,5,6
1448,20,2,6,20,20,8,3,2,6,6
1449,20,2,6,20,20,8,3,2,6,6
1450,20,2,5,20,20,7,3,2,6,6
1451,20,2,6,20,20,12,4,1,6,3
1452,20,2,5,20,20,8,4,1,6,3
1453,20,2,6,20,20,12,4,1,6,3
1454,20,2,6,20,20,12,4,1,6,3
1455,20,2,6,20,20,12,4,1,6,3
1456,20,2,6,20,20,12,4,1,6,3
1457,20,2,5,20,20,8,4,1,6,3
1458,20,2,5,20,20,8,4,1,6,3
1459,20,2,5,20,20,7,4,1,6,2
1460,20,1,3,10,20,13,2,2,2,3
1461,20,1,3,10,20,13,2,2,2,4
1462,20,2,5,20,20,7,4,1,6,2
1463,20,1,4,8,18,15,2,3,6,5
